﻿{"cameraMode":{"drawMode":0,"name":"Shaded","section":"Shading Mode"},"sceneLighting":true,"audioPlay":false,"sceneViewState":{"showFog":true,"showMaterialUpdate":false,"showSkybox":true,"showFlares":true,"showImageEffects":true,"showParticleSystems":true,"showVisualEffectGraphs":true,"m_FxEnabled":true},"in2DMode":false,"pivot":{"x":3.4639852046966554,"y":2.47883939743042,"z":-4.638549327850342},"rotation":{"x":-0.37867212295532229,"y":0.3819679319858551,"z":-0.17541025578975678,"w":-0.8245868682861328},"size":7.627139568328857,"orthographic":false}